{"id":"55ccf8d2e4b04ec5acda1da1","templateType":"BLANK","name":"VC Scatterplot","accountId":"55cce4f3e4b04ec5acd90938","enabled":true,"type":"CUSTOM","components":[{"id":"55ccf8d2e4b04ec5acda1da3","name":"style.css","type":"text/css","uploadDate":"2015-08-13 20:06:42.042"},{"id":"55ccf8d2e4b04ec5acda1da2","name":"Visualization.js","type":"text/javascript","uploadDate":"2015-08-13 20:06:42.040"}],"libs":["countries.js"],"objectFieldTypes":["NUMBER","MONEY","ATTRIBUTE","TIME","INTEGER"],"controls":["TimeControl","UberStyle","DirtyDataIndicator","FiltersIndicator","Undo","Info","TimePlayer","Filters","Defaults","Bookmark","Zoom","NoDataIndicator","TimeTable","Share","Download"],"variables":[{"name":"Additional Metrics","type":"multi-metric","descr":"","attributeType":["MONEY","INTEGER","NUMBER"],"defaultValue":"count","colorMetric":false,"colorNumb":0,"metricType":"general","legendType":"palette","colors":"[]","colorSet":"Paired","required":false},{"name":"Size","type":"metric","descr":"","attributeType":["MONEY","INTEGER","NUMBER"],"defaultValue":"count","colorMetric":false,"colorNumb":0,"metricType":"general","legendType":"range","colors":"[]","colorSet":"Accent","required":false},{"name":"Y","type":"metric","descr":"","attributeType":["MONEY","INTEGER","NUMBER"],"defaultValue":"count","colorMetric":false,"colorNumb":0,"metricType":"general","legendType":"range","colors":"[]","colorSet":"Accent","required":false},{"name":"X","type":"metric","descr":"","attributeType":["MONEY","INTEGER","NUMBER"],"defaultValue":"count","colorMetric":false,"colorNumb":0,"metricType":"general","legendType":"range","colors":"[]","colorSet":"Accent","required":false},{"name":"Group By","type":"group","descr":"","attributeType":["ATTRIBUTE"],"defaultValue":"","colorMetric":false,"colorNumb":0,"groupType":"attribute","required":false}]}