{"id":"55ccf8dce4b04ec5acda1e30","templateType":"BLANK","name":"VC Injuries Gauge","accountId":"55cce4f3e4b04ec5acd90938","enabled":true,"type":"CUSTOM","components":[{"id":"55ccf8dce4b04ec5acda1e31","name":"style.css","type":"text/css","uploadDate":"2015-08-13 20:06:52.352"},{"id":"55ccf8dce4b04ec5acda1e32","name":"Visualization.js","type":"text/javascript","uploadDate":"2015-08-17 17:40:24.583"}],"libs":["countries.js","echarts-all.js"],"objectFieldTypes":["NUMBER","MONEY","ATTRIBUTE","TIME","INTEGER"],"controls":["TimeControl","UberStyle","DirtyDataIndicator","FiltersIndicator","Undo","Info","TimePlayer","Filters","Defaults","Bookmark","Zoom","NoDataIndicator","TimeTable","Share","Download"],"variables":[{"name":"Metric","type":"metric","descr":"","attributeType":["MONEY","INTEGER","NUMBER"],"defaultValue":"count","colorMetric":false,"colorNumb":0,"metricType":"general","legendType":"range","colors":"[]","colorSet":"Accent","required":false}]}