{"id":"55c0c493e4b0bb7525e3c89c","templateType":"BLANK","name":"VC Horizontal Bars by Model","accountId":"55afa22be4b0eaafa02cd063","enabled":true,"type":"CUSTOM","components":[{"id":"55c0c493e4b0bb7525e3c89d","name":"Visualization.js","type":"text/javascript","uploadDate":"2015-08-05 17:30:27.138"},{"id":"55c0c493e4b0bb7525e3c89e","name":"style.css","type":"text/css","uploadDate":"2015-08-04 13:56:35.171"}],"libs":["countries.js"],"objectFieldTypes":["NUMBER","MONEY","ATTRIBUTE","TIME","INTEGER"],"controls":["TimeControl","UberStyle","DirtyDataIndicator","FiltersIndicator","Undo","Info","TimePlayer","Filters","Defaults","Bookmark","Zoom","NoDataIndicator","TimeTable","Share","Download"],"variables":[{"name":"Group By","type":"group","descr":"","attributeType":["ATTRIBUTE"],"defaultValue":"","colorMetric":false,"colorNumb":0,"groupType":"attribute","required":false},{"name":"X Axis","type":"metric","descr":"","attributeType":["MONEY","INTEGER","NUMBER"],"defaultValue":"count","colorMetric":false,"colorNumb":0,"metricType":"general","legendType":"range","colors":"[]","colorSet":"Accent","required":false}]}