{"id":"55ccf8f3e4b04ec5acda1f89","templateType":"BLANK","name":"VC Horizontal Bars by Make","accountId":"55cce4f3e4b04ec5acd90938","enabled":true,"type":"CUSTOM","components":[{"id":"55ccf8f3e4b04ec5acda1f8a","name":"Visualization.js","type":"text/javascript","uploadDate":"2015-08-13 20:07:15.607"},{"id":"55ccf8f3e4b04ec5acda1f8b","name":"style.css","type":"text/css","uploadDate":"2015-08-13 20:07:15.610"}],"libs":["countries.js"],"objectFieldTypes":["NUMBER","MONEY","ATTRIBUTE","TIME","INTEGER"],"controls":["Defaults","Bookmark","Zoom","TimePlayer","Share"],"variables":[{"name":"Group By","type":"group","descr":"","attributeType":["ATTRIBUTE"],"defaultValue":"","colorMetric":false,"colorNumb":0,"groupType":"attribute","required":false},{"name":"Bar Width","type":"metric","descr":"","attributeType":["MONEY","INTEGER","NUMBER"],"defaultValue":"count","colorMetric":false,"colorNumb":0,"metricType":"general","legendType":"range","colors":"[]","colorSet":"Accent","required":false}]}