{"id":"55ccf8e9e4b04ec5acda1ebc","templateType":"BLANK","name":"VC Horizontal Bars by Model","accountId":"55cce4f3e4b04ec5acd90938","enabled":true,"type":"CUSTOM","components":[{"id":"55ccf8e9e4b04ec5acda1ebd","name":"Visualization.js","type":"text/javascript","uploadDate":"2015-08-13 20:07:05.012"},{"id":"55ccf8e9e4b04ec5acda1ebe","name":"style.css","type":"text/css","uploadDate":"2015-08-13 20:07:05.013"}],"libs":["countries.js"],"objectFieldTypes":["NUMBER","MONEY","ATTRIBUTE","TIME","INTEGER"],"controls":["TimeControl","UberStyle","DirtyDataIndicator","FiltersIndicator","Undo","Info","TimePlayer","Filters","Defaults","Bookmark","Zoom","NoDataIndicator","TimeTable","Share","Download"],"variables":[{"name":"Group By","type":"group","descr":"","attributeType":["ATTRIBUTE"],"defaultValue":"","colorMetric":false,"colorNumb":0,"groupType":"attribute","required":false},{"name":"X Axis","type":"metric","descr":"","attributeType":["MONEY","INTEGER","NUMBER"],"defaultValue":"count","colorMetric":false,"colorNumb":0,"metricType":"general","legendType":"range","colors":"[]","colorSet":"Accent","required":false}]}