{"id":"55c0c488e4b0bb7525e3c7ed","templateType":"BLANK","name":"VC Horizontal Bars by Make","accountId":"55afa22be4b0eaafa02cd063","enabled":true,"type":"CUSTOM","components":[{"id":"55c0c488e4b0bb7525e3c7ee","name":"Visualization.js","type":"text/javascript","uploadDate":"2015-08-04 15:14:16.762"},{"id":"55c0c488e4b0bb7525e3c7ef","name":"style.css","type":"text/css","uploadDate":"2015-08-04 13:56:24.899"}],"libs":["countries.js"],"objectFieldTypes":["NUMBER","MONEY","ATTRIBUTE","TIME","INTEGER"],"controls":["Defaults","Bookmark","Zoom","TimePlayer","Share"],"variables":[{"name":"Group By","type":"group","descr":"","attributeType":["ATTRIBUTE"],"defaultValue":"","colorMetric":false,"colorNumb":0,"groupType":"attribute","required":false},{"name":"Bar Width","type":"metric","descr":"","attributeType":["MONEY","INTEGER","NUMBER"],"defaultValue":"count","colorMetric":false,"colorNumb":0,"metricType":"general","legendType":"range","colors":"[]","colorSet":"Accent","required":false}]}