{"id":"55c0c451e4b0bb7525e3c374","templateType":"BLANK","name":"VC Crashes Gauge","accountId":"55afa22be4b0eaafa02cd063","enabled":true,"type":"CUSTOM","components":[{"id":"55c0c451e4b0bb7525e3c377","name":"style.css","type":"text/css","uploadDate":"2015-08-04 13:55:29.889"},{"id":"55c0c451e4b0bb7525e3c376","name":"Visualization.js","type":"text/javascript","uploadDate":"2015-08-13 13:03:58.285"}],"libs":["countries.js","echarts-all.js"],"objectFieldTypes":["NUMBER","MONEY","ATTRIBUTE","TIME","INTEGER"],"controls":["TimeControl","UberStyle","DirtyDataIndicator","FiltersIndicator","Undo","Info","TimePlayer","Filters","Defaults","Bookmark","Zoom","NoDataIndicator","TimeTable","Share","Download"],"variables":[{"name":"Metric","type":"metric","descr":"","attributeType":["MONEY","INTEGER","NUMBER"],"defaultValue":"count","colorMetric":false,"colorNumb":0,"metricType":"general","legendType":"range","colors":"[]","colorSet":"Accent","required":false}]}