{"id":"55c0c3dae4b0bb7525e3bb5b","templateType":"BLANK","name":"VC Brushing Year","accountId":"55afa22be4b0eaafa02cd063","enabled":true,"type":"CUSTOM","components":[{"id":"55c0c3dae4b0bb7525e3bb5d","name":"style.css","type":"text/css","uploadDate":"2015-08-04 13:53:30.201"},{"id":"55c0c3dae4b0bb7525e3bb5c","name":"Visualization.js","type":"text/javascript","uploadDate":"2015-08-06 16:56:14.275"}],"libs":["countries.js"],"objectFieldTypes":["NUMBER","MONEY","ATTRIBUTE","TIME","INTEGER"],"controls":["Filters","Defaults","Bookmark","Zoom","FiltersIndicator","TimePlayer","Share"],"variables":[{"name":"Group By","type":"group","descr":"","attributeType":["ATTRIBUTE"],"defaultValue":"","colorMetric":false,"colorNumb":0,"groupType":"attribute","required":false},{"name":"Y Axis","type":"metric","descr":"","attributeType":["MONEY","INTEGER","NUMBER"],"defaultValue":"count","colorMetric":false,"colorNumb":0,"metricType":"general","legendType":"range","colors":"[]","colorSet":"Accent","required":false}]}