{"id":"55c0c49de4b0bb7525e3c96a","templateType":"BLANK","name":"VC Injuries Gauge","accountId":"55afa22be4b0eaafa02cd063","enabled":true,"type":"CUSTOM","components":[{"id":"55c0c49de4b0bb7525e3c96d","name":"style.css","type":"text/css","uploadDate":"2015-08-04 13:56:45.263"},{"id":"55c0c49de4b0bb7525e3c96c","name":"Visualization.js","type":"text/javascript","uploadDate":"2015-08-13 13:28:14.164"}],"libs":["countries.js","echarts-all.js"],"objectFieldTypes":["NUMBER","MONEY","ATTRIBUTE","TIME","INTEGER"],"controls":["TimeControl","UberStyle","DirtyDataIndicator","FiltersIndicator","Undo","Info","TimePlayer","Filters","Defaults","Bookmark","Zoom","NoDataIndicator","TimeTable","Share","Download"],"variables":[{"name":"Metric","type":"metric","descr":"","attributeType":["MONEY","INTEGER","NUMBER"],"defaultValue":"count","colorMetric":false,"colorNumb":0,"metricType":"general","legendType":"range","colors":"[]","colorSet":"Accent","required":false}]}