{"id":"55ccf91fe4b04ec5acda21ca","templateType":"BLANK","name":"VC Brushing Year","accountId":"55cce4f3e4b04ec5acd90938","enabled":true,"type":"CUSTOM","components":[{"id":"55ccf91fe4b04ec5acda21cb","name":"style.css","type":"text/css","uploadDate":"2015-08-13 20:07:59.040"},{"id":"55ccf91fe4b04ec5acda21cc","name":"Visualization.js","type":"text/javascript","uploadDate":"2015-08-13 20:07:59.041"}],"libs":["countries.js"],"objectFieldTypes":["NUMBER","MONEY","ATTRIBUTE","TIME","INTEGER"],"controls":["Filters","Defaults","Bookmark","Zoom","FiltersIndicator","TimePlayer","Share"],"variables":[{"name":"Group By","type":"group","descr":"","attributeType":["ATTRIBUTE"],"defaultValue":"","colorMetric":false,"colorNumb":0,"groupType":"attribute","required":false},{"name":"Y Axis","type":"metric","descr":"","attributeType":["MONEY","INTEGER","NUMBER"],"defaultValue":"count","colorMetric":false,"colorNumb":0,"metricType":"general","legendType":"range","colors":"[]","colorSet":"Accent","required":false}]}