{"id":"55ccf914e4b04ec5acda213c","templateType":"BLANK","name":"VC Complaints","accountId":"55cce4f3e4b04ec5acd90938","enabled":true,"type":"CUSTOM","components":[{"id":"55ccf914e4b04ec5acda213d","name":"Visualization.js","type":"text/javascript","uploadDate":"2015-08-17 15:46:50.424"}],"libs":["countries.js"],"objectFieldTypes":["NUMBER","MONEY","ATTRIBUTE","TIME","INTEGER"],"controls":["TimeControl","UberStyle","DirtyDataIndicator","FiltersIndicator","Undo","Info","TimePlayer","Filters","Defaults","Bookmark","Zoom","NoDataIndicator","TimeTable","Share","Download"],"variables":[{"name":"Count","type":"metric","descr":"","attributeType":["MONEY","INTEGER","NUMBER"],"defaultValue":"count","colorMetric":false,"colorNumb":0,"metricType":"general","legendType":"range","colors":"[]","colorSet":"Accent","required":false}]}