{"id":"55c0c4abe4b0bb7525e3caad","templateType":"US_MAP","name":"VC US Map","accountId":"55afa22be4b0eaafa02cd063","enabled":true,"type":"CUSTOM","components":[{"id":"55c0c4abe4b0bb7525e3caae","name":"style.css","type":"text/css","uploadDate":"2015-08-13 16:49:04.996"},{"id":"55c0c4abe4b0bb7525e3caaf","name":"zoomable_map.js","type":"text/javascript","uploadDate":"2015-08-13 16:49:24.905"}],"libs":["leaflet.js","dollar.js","geojson-utils.js","us-states.js","us-counties.js","us-zipcodes.js","topojson.js"],"objectFieldTypes":["NUMBER","MONEY","ATTRIBUTE","INTEGER"],"controls":["TimeControl","UberStyle","DirtyDataIndicator","Color","FiltersIndicator","Undo","Info","TimePlayer","Filters","Defaults","Bookmark","NoDataIndicator","TimeTable","Share","Download"],"variables":[{"name":"Additional Metrics","type":"multi-metric","descr":"","attributeType":["MONEY","INTEGER","NUMBER"],"defaultValue":"count","colorMetric":false,"colorNumb":0,"metricType":"general","legendType":"palette","colors":"[]","colorSet":"Paired","required":false},{"name":"Color","type":"metric","descr":"","attributeType":["MONEY","INTEGER","NUMBER"],"defaultValue":"count::{\"autoShowColorLegend\"|false}","colorMetric":false,"colorNumb":8,"metricType":"color","legendType":"palette","colors":"[]","colorSet":"ZoomSequential","required":false},{"name":"Limit","type":"integer","descr":"","defaultValue":1000,"colorMetric":false,"colorNumb":0,"required":false},{"name":"State","type":"group","descr":"","attributeType":["ATTRIBUTE"],"defaultValue":"","colorMetric":false,"colorNumb":0,"groupType":"attribute","required":false},{"name":"County","type":"attribute","descr":"","attributeType":["ATTRIBUTE"],"colorMetric":false,"colorNumb":0,"required":false},{"name":"Zip Code","type":"attribute","descr":"","attributeType":["ATTRIBUTE"],"colorMetric":false,"colorNumb":0,"required":false},{"name":"Tile Provider","type":"singlelist","descr":"","values":["OpenStreetMap (no API key required)","CloudMade","MapBox"],"colorMetric":false,"colorNumb":0,"required":false},{"name":"Tile Provider API Key","type":"string","descr":"API key for the tile provider chosen. OpenStreetMap does not require an API key.","defaultValue":"","colorMetric":false,"colorNumb":0,"required":false},{"name":"Chart Name","type":"string","descr":"","defaultValue":"","colorMetric":false,"colorNumb":0,"required":false},{"name":"Chart Description","type":"string","descr":"","defaultValue":"","colorMetric":false,"colorNumb":0,"required":false}]}